{
  "timestamp": "2025-10-20 12:31:51",
  "episodio": 3,
  "melhor_score": 3358.0,
  "capital_final": 29.87383874444646,
  "patrimonio_final": 299.78926779446726,
  "max_patrimonio": 1017.4148712867085,
  "energia_final": 0.0,
  "sharpe_like": -0.0006933130756942125,
  "taxa_acerto": 1.0,
  "trades_win": 554,
  "trades_lose": 713,
  "trades_total": 1267
}