{
  "timestamp": "2025-10-20 14:26:29",
  "episodio": 1,
  "melhor_score": 24417.0,
  "capital_final": 264.80132255447666,
  "patrimonio_final": 264.80132255447666,
  "max_patrimonio": 1013.02361569619,
  "energia_final": 0.0,
  "sharpe_like": -0.00029481607151063063,
  "taxa_acerto": 1.0,
  "trades_win": 389,
  "trades_lose": 473,
  "trades_total": 862
}