{
  "timestamp": "2025-10-20 16:47:44",
  "episodio": 4,
  "melhor_score": 34060.0,
  "capital_final": 221.64055292857012,
  "patrimonio_final": 221.64055292857012,
  "max_patrimonio": 1843.2064688681323,
  "energia_final": 0.0,
  "sharpe_like": -0.0004928019615192589,
  "taxa_acerto": 0.9746835443037974,
  "trades_win": 278,
  "trades_lose": 283,
  "trades_total": 561
}