{
  "timestamp": "2025-10-22 10:35:58",
  "episodio": 11,
  "melhor_score": 106388.0,
  "capital_final": 256.0344946582148,
  "patrimonio_final": 256.0344946582148,
  "max_patrimonio": 1502.042563618438,
  "energia_final": 0.0,
  "sharpe_like": -0.00029635633274535894,
  "taxa_acerto": 0.9832635983263598,
  "trades_win": 864,
  "trades_lose": 787,
  "trades_total": 1651
}