{
  "timestamp": "2025-10-19 10:51:56",
  "episodio": 454,
  "melhor_score": 342677.0,
  "capital_final": 385.651098077169,
  "patrimonio_final": 385.651098077169,
  "max_patrimonio": 7345.122112308323,
  "energia_final": 0.0,
  "sharpe_like": -0.0013357633042371101,
  "taxa_acerto": 0.9423963133640553,
  "trades_win": 3982,
  "trades_lose": 3658,
  "trades_total": 7640
}