{
  "timestamp": "2025-10-20 11:00:27",
  "episodio": 16,
  "melhor_score": 3060.0,
  "capital_final": 30.54399318493944,
  "patrimonio_final": 299.2744668378503,
  "max_patrimonio": 1000.0,
  "energia_final": 0.0,
  "sharpe_like": -0.0002789291284069479,
  "taxa_acerto": 0.0,
  "trades_win": 673,
  "trades_lose": 841,
  "trades_total": 1514
}