{
  "timestamp": "2025-10-22 12:32:56",
  "episodio": 2,
  "melhor_score": 149001.0,
  "capital_final": 37.59977474097218,
  "patrimonio_final": 294.3084437419677,
  "max_patrimonio": 1080.972663653429,
  "energia_final": 0.046571310609579086,
  "sharpe_like": 0.002058563308094903,
  "taxa_acerto": 1.0,
  "trades_win": 765,
  "trades_lose": 770,
  "trades_total": 1535
}