{
  "timestamp": "2025-10-22 03:40:14",
  "episodio": 1016,
  "capital_final": 1000.0,
  "patrimonio_final": 2516.101719332186,
  "max_patrimonio": 2492.753082140596,
  "energia_final": 1.0,
  "pontuacao": 0.0,
  "taxa_acerto": 0.0,
  "trades_win": 0,
  "trades_lose": 0,
  "trades_total": 0
}