{
  "timestamp": "2025-10-20 23:14:40",
  "episodio": 17,
  "capital_final": 1000.0,
  "patrimonio_final": 2522.3770503743367,
  "max_patrimonio": 2495.7435347203623,
  "energia_final": 1.0,
  "pontuacao": 0.0,
  "taxa_acerto": 0.0,
  "trades_win": 0,
  "trades_lose": 0,
  "trades_total": 0
}