{
  "timestamp": "2025-10-21 10:49:56",
  "episodio": 442,
  "capital_final": 1000.0,
  "patrimonio_final": 2506.4168620066253,
  "max_patrimonio": 2486.9672852936055,
  "energia_final": 1.0,
  "pontuacao": 0.0,
  "taxa_acerto": 0.0,
  "trades_win": 0,
  "trades_lose": 0,
  "trades_total": 0
}