{
  "timestamp": "2025-10-21 06:05:47",
  "episodio": 267,
  "capital_final": 1000.0,
  "patrimonio_final": 2500.0786616126384,
  "max_patrimonio": 2495.686706077865,
  "energia_final": 1.0,
  "pontuacao": 0.0,
  "taxa_acerto": 0.0,
  "trades_win": 0,
  "trades_lose": 0,
  "trades_total": 0
}