{
  "timestamp": "2025-10-19 15:52:09",
  "episodio": 12,
  "capital_final": 242.02873345027774,
  "patrimonio_final": 2502.7921036196753,
  "max_patrimonio": 2502.7921036196753,
  "energia_final": 0.0,
  "pontuacao": 16254.0,
  "taxa_acerto": 1.0,
  "trades_win": 173,
  "trades_lose": 163,
  "trades_total": 336
}