{
  "timestamp": "2025-10-20 23:40:14",
  "episodio": 35,
  "capital_final": 1000.0,
  "patrimonio_final": 2539.625328040569,
  "max_patrimonio": 2480.507050481228,
  "energia_final": 1.0,
  "pontuacao": 0.0,
  "taxa_acerto": 0.0,
  "trades_win": 0,
  "trades_lose": 0,
  "trades_total": 0
}