{
  "timestamp": "2025-10-22 02:43:17",
  "episodio": 978,
  "capital_final": 1000.0,
  "patrimonio_final": 2531.7075393322934,
  "max_patrimonio": 2490.493018662056,
  "energia_final": 1.0,
  "pontuacao": 0.0,
  "taxa_acerto": 0.0,
  "trades_win": 0,
  "trades_lose": 0,
  "trades_total": 0
}