{
  "timestamp": "2025-10-21 03:08:34",
  "episodio": 157,
  "capital_final": 1000.0,
  "patrimonio_final": 2500.212322141997,
  "max_patrimonio": 2471.36702522269,
  "energia_final": 1.0,
  "pontuacao": 0.0,
  "taxa_acerto": 0.0,
  "trades_win": 0,
  "trades_lose": 0,
  "trades_total": 0
}