{
  "timestamp": "2025-10-19 15:57:51",
  "episodio": 15,
  "capital_final": 243.04015196190994,
  "patrimonio_final": 2509.284209178129,
  "max_patrimonio": 2509.284209178129,
  "energia_final": 0.0,
  "pontuacao": 23773.0,
  "taxa_acerto": 1.0,
  "trades_win": 254,
  "trades_lose": 266,
  "trades_total": 520
}