{
  "timestamp": "2025-10-21 08:00:47",
  "episodio": 341,
  "capital_final": 1000.0,
  "patrimonio_final": 2506.2165534249116,
  "max_patrimonio": 2487.8891678951395,
  "energia_final": 1.0,
  "pontuacao": 0.0,
  "taxa_acerto": 0.0,
  "trades_win": 0,
  "trades_lose": 0,
  "trades_total": 0
}