{
  "timestamp": "2025-10-21 18:36:05",
  "episodio": 694,
  "capital_final": 1000.0,
  "patrimonio_final": 2504.3581221288705,
  "max_patrimonio": 2484.9319803970434,
  "energia_final": 1.0,
  "pontuacao": 0.0,
  "taxa_acerto": 0.0,
  "trades_win": 0,
  "trades_lose": 0,
  "trades_total": 0
}