{
  "timestamp": "2025-10-21 00:44:01",
  "episodio": 68,
  "capital_final": 1000.0,
  "patrimonio_final": 2512.321040977687,
  "max_patrimonio": 2493.179231516461,
  "energia_final": 1.0,
  "pontuacao": 0.0,
  "taxa_acerto": 0.0,
  "trades_win": 0,
  "trades_lose": 0,
  "trades_total": 0
}