{
  "timestamp": "2025-10-20 23:31:29",
  "episodio": 29,
  "capital_final": 1000.0,
  "patrimonio_final": 2510.9146570784983,
  "max_patrimonio": 2490.1142256803755,
  "energia_final": 1.0,
  "pontuacao": 0.0,
  "taxa_acerto": 0.0,
  "trades_win": 0,
  "trades_lose": 0,
  "trades_total": 0
}