{
  "timestamp": "2025-10-21 12:10:33",
  "episodio": 483,
  "capital_final": 1000.0,
  "patrimonio_final": 2505.9217988976748,
  "max_patrimonio": 2488.503831226651,
  "energia_final": 1.0,
  "pontuacao": 0.0,
  "taxa_acerto": 0.0,
  "trades_win": 0,
  "trades_lose": 0,
  "trades_total": 0
}