{
  "timestamp": "2025-10-21 01:40:44",
  "episodio": 105,
  "capital_final": 1000.0,
  "patrimonio_final": 2512.3471501499475,
  "max_patrimonio": 2493.1335157093736,
  "energia_final": 1.0,
  "pontuacao": 0.0,
  "taxa_acerto": 0.0,
  "trades_win": 0,
  "trades_lose": 0,
  "trades_total": 0
}