{
  "timestamp": "2025-10-21 14:20:18",
  "episodio": 555,
  "capital_final": 1000.0,
  "patrimonio_final": 2503.9403668254877,
  "max_patrimonio": 2494.297120616333,
  "energia_final": 1.0,
  "pontuacao": 0.0,
  "taxa_acerto": 0.0,
  "trades_win": 0,
  "trades_lose": 0,
  "trades_total": 0
}