{
  "timestamp": "2025-10-21 03:26:12",
  "episodio": 167,
  "capital_final": 1000.0,
  "patrimonio_final": 2510.231206152704,
  "max_patrimonio": 2498.1180407781553,
  "energia_final": 1.0,
  "pontuacao": 0.0,
  "taxa_acerto": 0.0,
  "trades_win": 0,
  "trades_lose": 0,
  "trades_total": 0
}