{
  "timestamp": "2025-10-21 16:33:54",
  "episodio": 627,
  "capital_final": 1000.0,
  "patrimonio_final": 2506.597856514045,
  "max_patrimonio": 2485.9412928107436,
  "energia_final": 1.0,
  "pontuacao": 0.0,
  "taxa_acerto": 0.0,
  "trades_win": 0,
  "trades_lose": 0,
  "trades_total": 0
}