{
  "timestamp": "2025-10-21 12:07:26",
  "episodio": 482,
  "capital_final": 1000.0,
  "patrimonio_final": 2519.5441723400463,
  "max_patrimonio": 2498.373934085163,
  "energia_final": 1.0,
  "pontuacao": 0.0,
  "taxa_acerto": 0.0,
  "trades_win": 0,
  "trades_lose": 0,
  "trades_total": 0
}