{
  "timestamp": "2025-10-21 07:44:45",
  "episodio": 329,
  "capital_final": 1000.0,
  "patrimonio_final": 2518.3230562286776,
  "max_patrimonio": 2497.150331064854,
  "energia_final": 1.0,
  "pontuacao": 0.0,
  "taxa_acerto": 0.0,
  "trades_win": 0,
  "trades_lose": 0,
  "trades_total": 0
}