{
  "timestamp": "2025-10-22 05:47:07",
  "episodio": 1076,
  "capital_final": 1000.0,
  "patrimonio_final": 2516.3204120568253,
  "max_patrimonio": 2498.1653602063675,
  "energia_final": 1.0,
  "pontuacao": 0.0,
  "taxa_acerto": 0.0,
  "trades_win": 0,
  "trades_lose": 0,
  "trades_total": 0
}