{
  "timestamp": "2025-10-20 20:33:53",
  "episodio": 7,
  "capital_final": 1000.0,
  "patrimonio_final": 2502.8618983197293,
  "max_patrimonio": 2493.7221655249177,
  "energia_final": 1.0,
  "pontuacao": 0.0,
  "taxa_acerto": 0.0,
  "trades_win": 0,
  "trades_lose": 0,
  "trades_total": 0
}