{
  "timestamp": "2025-10-21 15:42:12",
  "episodio": 592,
  "capital_final": 1000.0,
  "patrimonio_final": 2503.23869226749,
  "max_patrimonio": 2494.8179142967024,
  "energia_final": 1.0,
  "pontuacao": 0.0,
  "taxa_acerto": 0.0,
  "trades_win": 0,
  "trades_lose": 0,
  "trades_total": 0
}