{
  "timestamp": "2025-10-21 21:20:29",
  "episodio": 782,
  "capital_final": 1000.0,
  "patrimonio_final": 2504.3058871595163,
  "max_patrimonio": 2480.6039470558667,
  "energia_final": 1.0,
  "pontuacao": 0.0,
  "taxa_acerto": 0.0,
  "trades_win": 0,
  "trades_lose": 0,
  "trades_total": 0
}