{
  "timestamp": "2025-10-21 18:07:06",
  "episodio": 677,
  "capital_final": 1000.0,
  "patrimonio_final": 2530.3217870152494,
  "max_patrimonio": 2492.6814230091554,
  "energia_final": 1.0,
  "pontuacao": 0.0,
  "taxa_acerto": 0.0,
  "trades_win": 0,
  "trades_lose": 0,
  "trades_total": 0
}