{
  "timestamp": "2025-10-21 00:57:00",
  "episodio": 75,
  "capital_final": 1000.0,
  "patrimonio_final": 2507.270171697365,
  "max_patrimonio": 2497.724593967673,
  "energia_final": 1.0,
  "pontuacao": 0.0,
  "taxa_acerto": 0.0,
  "trades_win": 0,
  "trades_lose": 0,
  "trades_total": 0
}