{
  "timestamp": "2025-10-21 14:07:10",
  "episodio": 546,
  "capital_final": 1000.0,
  "patrimonio_final": 2500.0266028237356,
  "max_patrimonio": 2464.8108624066417,
  "energia_final": 1.0,
  "pontuacao": 0.0,
  "taxa_acerto": 0.0,
  "trades_win": 0,
  "trades_lose": 0,
  "trades_total": 0
}