{
  "timestamp": "2025-10-22 06:21:30",
  "episodio": 1096,
  "capital_final": 1000.0,
  "patrimonio_final": 2527.558407182244,
  "max_patrimonio": 2496.120291408519,
  "energia_final": 1.0,
  "pontuacao": 0.0,
  "taxa_acerto": 0.0,
  "trades_win": 0,
  "trades_lose": 0,
  "trades_total": 0
}