{
  "timestamp": "2025-10-22 07:02:45",
  "episodio": 1120,
  "capital_final": 1000.0,
  "patrimonio_final": 2503.019916178855,
  "max_patrimonio": 2498.114945214025,
  "energia_final": 1.0,
  "pontuacao": 0.0,
  "taxa_acerto": 0.0,
  "trades_win": 0,
  "trades_lose": 0,
  "trades_total": 0
}