{
  "timestamp": "2025-10-22 05:47:06",
  "episodio": 1076,
  "capital_final": 247.79592673465413,
  "patrimonio_final": 2516.3204120568253,
  "max_patrimonio": 2516.3204120568253,
  "energia_final": 0.0,
  "pontuacao": 91318.0,
  "taxa_acerto": 0.9818181818181818,
  "trades_win": 806,
  "trades_lose": 722,
  "trades_total": 1528
}