{
  "timestamp": "2025-10-21 04:24:28",
  "episodio": 201,
  "capital_final": 1000.0,
  "patrimonio_final": 2500.385311892882,
  "max_patrimonio": 2496.565738585958,
  "energia_final": 1.0,
  "pontuacao": 0.0,
  "taxa_acerto": 0.0,
  "trades_win": 0,
  "trades_lose": 0,
  "trades_total": 0
}