{
  "timestamp": "2025-10-21 02:57:11",
  "episodio": 152,
  "capital_final": 1000.0,
  "patrimonio_final": 2501.9943220073646,
  "max_patrimonio": 2497.091296986736,
  "energia_final": 1.0,
  "pontuacao": 0.0,
  "taxa_acerto": 0.0,
  "trades_win": 0,
  "trades_lose": 0,
  "trades_total": 0
}