{
  "timestamp": "2025-10-21 22:55:55",
  "episodio": 834,
  "capital_final": 1000.0,
  "patrimonio_final": 2517.632935014776,
  "max_patrimonio": 2488.5910506484015,
  "energia_final": 1.0,
  "pontuacao": 0.0,
  "taxa_acerto": 0.0,
  "trades_win": 0,
  "trades_lose": 0,
  "trades_total": 0
}