{
  "timestamp": "2025-10-22 06:04:19",
  "episodio": 1085,
  "capital_final": 1000.0,
  "patrimonio_final": 2515.6349457757983,
  "max_patrimonio": 2494.2425517677893,
  "energia_final": 1.0,
  "pontuacao": 0.0,
  "taxa_acerto": 0.0,
  "trades_win": 0,
  "trades_lose": 0,
  "trades_total": 0
}