{
  "timestamp": "2025-10-21 12:42:59",
  "episodio": 501,
  "capital_final": 1000.0,
  "patrimonio_final": 2503.640777498957,
  "max_patrimonio": 2498.5662345180294,
  "energia_final": 1.0,
  "pontuacao": 0.0,
  "taxa_acerto": 0.0,
  "trades_win": 0,
  "trades_lose": 0,
  "trades_total": 0
}