{
  "timestamp": "2025-10-21 19:03:02",
  "episodio": 714,
  "capital_final": 1000.0,
  "patrimonio_final": 2530.114164069251,
  "max_patrimonio": 2470.515476805959,
  "energia_final": 1.0,
  "pontuacao": 0.0,
  "taxa_acerto": 0.0,
  "trades_win": 0,
  "trades_lose": 0,
  "trades_total": 0
}