{
  "timestamp": "2025-10-21 04:10:12",
  "episodio": 194,
  "capital_final": 1000.0,
  "patrimonio_final": 2517.3775354550557,
  "max_patrimonio": 2485.10509878649,
  "energia_final": 1.0,
  "pontuacao": 0.0,
  "taxa_acerto": 0.0,
  "trades_win": 0,
  "trades_lose": 0,
  "trades_total": 0
}