{
  "timestamp": "2025-10-21 20:55:11",
  "episodio": 770,
  "capital_final": 1000.0,
  "patrimonio_final": 2502.116231956659,
  "max_patrimonio": 2491.496968290058,
  "energia_final": 1.0,
  "pontuacao": 0.0,
  "taxa_acerto": 0.0,
  "trades_win": 0,
  "trades_lose": 0,
  "trades_total": 0
}