{
  "timestamp": "2025-10-20 23:45:45",
  "episodio": 39,
  "capital_final": 1000.0,
  "patrimonio_final": 2510.078861010097,
  "max_patrimonio": 2475.950028608739,
  "energia_final": 1.0,
  "pontuacao": 0.0,
  "taxa_acerto": 0.0,
  "trades_win": 0,
  "trades_lose": 0,
  "trades_total": 0
}