{
  "timestamp": "2025-10-21 18:55:00",
  "episodio": 708,
  "capital_final": 1000.0,
  "patrimonio_final": 2503.6855781214144,
  "max_patrimonio": 2484.0711151666983,
  "energia_final": 1.0,
  "pontuacao": 0.0,
  "taxa_acerto": 0.0,
  "trades_win": 0,
  "trades_lose": 0,
  "trades_total": 0
}