{
  "timestamp": "2025-10-21 22:14:48",
  "episodio": 817,
  "capital_final": 1000.0,
  "patrimonio_final": 2513.145417438168,
  "max_patrimonio": 2495.665318662671,
  "energia_final": 1.0,
  "pontuacao": 0.0,
  "taxa_acerto": 0.0,
  "trades_win": 0,
  "trades_lose": 0,
  "trades_total": 0
}