{
  "timestamp": "2025-10-22 07:14:20",
  "episodio": 1126,
  "capital_final": 1000.0,
  "patrimonio_final": 2503.9907847532895,
  "max_patrimonio": 2498.0323614505214,
  "energia_final": 1.0,
  "pontuacao": 0.0,
  "taxa_acerto": 0.0,
  "trades_win": 0,
  "trades_lose": 0,
  "trades_total": 0
}