{
  "timestamp": "2025-10-21 09:26:55",
  "episodio": 387,
  "capital_final": 1000.0,
  "patrimonio_final": 2509.4735601650323,
  "max_patrimonio": 2455.536385489787,
  "energia_final": 1.0,
  "pontuacao": 0.0,
  "taxa_acerto": 0.0,
  "trades_win": 0,
  "trades_lose": 0,
  "trades_total": 0
}