{
  "timestamp": "2025-10-22 08:45:16",
  "episodio": 1176,
  "capital_final": 1000.0,
  "patrimonio_final": 2518.281528546839,
  "max_patrimonio": 2498.5603735193436,
  "energia_final": 1.0,
  "pontuacao": 0.0,
  "taxa_acerto": 0.0,
  "trades_win": 0,
  "trades_lose": 0,
  "trades_total": 0
}