{
  "timestamp": "2025-10-21 07:16:06",
  "episodio": 307,
  "capital_final": 1000.0,
  "patrimonio_final": 2500.1382795737118,
  "max_patrimonio": 2489.8206416710004,
  "energia_final": 1.0,
  "pontuacao": 0.0,
  "taxa_acerto": 0.0,
  "trades_win": 0,
  "trades_lose": 0,
  "trades_total": 0
}