{
  "timestamp": "2025-10-21 01:51:42",
  "episodio": 112,
  "capital_final": 1000.0,
  "patrimonio_final": 2501.3282750945177,
  "max_patrimonio": 2499.344066404396,
  "energia_final": 1.0,
  "pontuacao": 0.0,
  "taxa_acerto": 0.0,
  "trades_win": 0,
  "trades_lose": 0,
  "trades_total": 0
}