{
  "timestamp": "2025-10-21 16:30:12",
  "episodio": 625,
  "capital_final": 1000.0,
  "patrimonio_final": 2516.6716087637924,
  "max_patrimonio": 2497.4560467210595,
  "energia_final": 1.0,
  "pontuacao": 0.0,
  "taxa_acerto": 0.0,
  "trades_win": 0,
  "trades_lose": 0,
  "trades_total": 0
}