{
  "timestamp": "2025-10-21 06:07:19",
  "episodio": 268,
  "capital_final": 1000.0,
  "patrimonio_final": 2501.5953511638554,
  "max_patrimonio": 2492.4643390652095,
  "energia_final": 1.0,
  "pontuacao": 0.0,
  "taxa_acerto": 0.0,
  "trades_win": 0,
  "trades_lose": 0,
  "trades_total": 0
}