{
  "timestamp": "2025-10-21 13:40:08",
  "episodio": 528,
  "capital_final": 1000.0,
  "patrimonio_final": 2501.55579443982,
  "max_patrimonio": 2496.634351469255,
  "energia_final": 1.0,
  "pontuacao": 0.0,
  "taxa_acerto": 0.0,
  "trades_win": 0,
  "trades_lose": 0,
  "trades_total": 0
}