{
  "timestamp": "2025-10-21 10:18:03",
  "episodio": 416,
  "capital_final": 1000.0,
  "patrimonio_final": 2505.25511815685,
  "max_patrimonio": 2498.7534938650824,
  "energia_final": 1.0,
  "pontuacao": 0.0,
  "taxa_acerto": 0.0,
  "trades_win": 0,
  "trades_lose": 0,
  "trades_total": 0
}