{
  "timestamp": "2025-10-21 05:38:47",
  "episodio": 251,
  "capital_final": 1000.0,
  "patrimonio_final": 2512.046526414267,
  "max_patrimonio": 2492.356213526745,
  "energia_final": 1.0,
  "pontuacao": 0.0,
  "taxa_acerto": 0.0,
  "trades_win": 0,
  "trades_lose": 0,
  "trades_total": 0
}