{
  "timestamp": "2025-10-19 13:35:32",
  "episodio": 8,
  "capital_final": 248.30763896932558,
  "patrimonio_final": 2503.655132349189,
  "max_patrimonio": 2503.655132349189,
  "energia_final": 0.0,
  "pontuacao": 31536.0,
  "taxa_acerto": 0.9574468085106383,
  "trades_win": 361,
  "trades_lose": 292,
  "trades_total": 653
}