{
  "timestamp": "2025-10-21 18:59:58",
  "episodio": 712,
  "capital_final": 1000.0,
  "patrimonio_final": 2516.3113781699603,
  "max_patrimonio": 2491.3239203397543,
  "energia_final": 1.0,
  "pontuacao": 0.0,
  "taxa_acerto": 0.0,
  "trades_win": 0,
  "trades_lose": 0,
  "trades_total": 0
}