{
  "timestamp": "2025-10-22 09:26:34",
  "episodio": 1203,
  "capital_final": 1000.0,
  "patrimonio_final": 2500.1321153652366,
  "max_patrimonio": 2484.1311495261148,
  "energia_final": 1.0,
  "pontuacao": 0.0,
  "taxa_acerto": 0.0,
  "trades_win": 0,
  "trades_lose": 0,
  "trades_total": 0
}