{
  "timestamp": "2025-10-21 10:33:11",
  "episodio": 428,
  "capital_final": 1000.0,
  "patrimonio_final": 2508.6324223460524,
  "max_patrimonio": 2495.0253867561355,
  "energia_final": 1.0,
  "pontuacao": 0.0,
  "taxa_acerto": 0.0,
  "trades_win": 0,
  "trades_lose": 0,
  "trades_total": 0
}