{
  "timestamp": "2025-10-21 11:40:31",
  "episodio": 468,
  "capital_final": 1000.0,
  "patrimonio_final": 2501.820920316006,
  "max_patrimonio": 2484.1716836019505,
  "energia_final": 1.0,
  "pontuacao": 0.0,
  "taxa_acerto": 0.0,
  "trades_win": 0,
  "trades_lose": 0,
  "trades_total": 0
}