{
  "timestamp": "2025-10-22 03:44:35",
  "episodio": 1017,
  "capital_final": 1000.0,
  "patrimonio_final": 2505.1194398772864,
  "max_patrimonio": 2498.064584767092,
  "energia_final": 1.0,
  "pontuacao": 0.0,
  "taxa_acerto": 0.0,
  "trades_win": 0,
  "trades_lose": 0,
  "trades_total": 0
}