{
  "timestamp": "2025-10-21 18:52:46",
  "episodio": 705,
  "capital_final": 1000.0,
  "patrimonio_final": 2502.51904955663,
  "max_patrimonio": 2476.8068826562208,
  "energia_final": 1.0,
  "pontuacao": 0.0,
  "taxa_acerto": 0.0,
  "trades_win": 0,
  "trades_lose": 0,
  "trades_total": 0
}