{
  "timestamp": "2025-10-22 02:12:33",
  "episodio": 962,
  "capital_final": 1000.0,
  "patrimonio_final": 2502.339779604582,
  "max_patrimonio": 2479.9970032538768,
  "energia_final": 1.0,
  "pontuacao": 0.0,
  "taxa_acerto": 0.0,
  "trades_win": 0,
  "trades_lose": 0,
  "trades_total": 0
}