{
  "timestamp": "2025-10-22 06:16:42",
  "episodio": 1093,
  "capital_final": 1000.0,
  "patrimonio_final": 2503.25200018508,
  "max_patrimonio": 2493.930115970523,
  "energia_final": 1.0,
  "pontuacao": 0.0,
  "taxa_acerto": 0.0,
  "trades_win": 0,
  "trades_lose": 0,
  "trades_total": 0
}