{
  "timestamp": "2025-10-22 04:44:53",
  "episodio": 1049,
  "capital_final": 1000.0,
  "patrimonio_final": 2505.875092837864,
  "max_patrimonio": 2475.2911952862833,
  "energia_final": 1.0,
  "pontuacao": 0.0,
  "taxa_acerto": 0.0,
  "trades_win": 0,
  "trades_lose": 0,
  "trades_total": 0
}