{
  "timestamp": "2025-10-21 23:03:10",
  "episodio": 841,
  "capital_final": 1000.0,
  "patrimonio_final": 2514.6579309905505,
  "max_patrimonio": 2483.152672040607,
  "energia_final": 1.0,
  "pontuacao": 0.0,
  "taxa_acerto": 0.0,
  "trades_win": 0,
  "trades_lose": 0,
  "trades_total": 0
}