{
  "timestamp": "2025-10-22 03:02:18",
  "episodio": 994,
  "capital_final": 1000.0,
  "patrimonio_final": 2510.8771056988203,
  "max_patrimonio": 2495.741012494371,
  "energia_final": 1.0,
  "pontuacao": 0.0,
  "taxa_acerto": 0.0,
  "trades_win": 0,
  "trades_lose": 0,
  "trades_total": 0
}