{
  "timestamp": "2025-10-21 04:04:33",
  "episodio": 190,
  "capital_final": 1000.0,
  "patrimonio_final": 2523.988618360844,
  "max_patrimonio": 2487.474631851837,
  "energia_final": 1.0,
  "pontuacao": 0.0,
  "taxa_acerto": 0.0,
  "trades_win": 0,
  "trades_lose": 0,
  "trades_total": 0
}