{
  "timestamp": "2025-10-21 00:36:48",
  "episodio": 65,
  "capital_final": 1000.0,
  "patrimonio_final": 2535.8281127510872,
  "max_patrimonio": 2482.9185804931485,
  "energia_final": 1.0,
  "pontuacao": 0.0,
  "taxa_acerto": 0.0,
  "trades_win": 0,
  "trades_lose": 0,
  "trades_total": 0
}