{
  "timestamp": "2025-10-21 16:58:24",
  "episodio": 642,
  "capital_final": 1000.0,
  "patrimonio_final": 2510.4356114566585,
  "max_patrimonio": 2490.619393314459,
  "energia_final": 1.0,
  "pontuacao": 0.0,
  "taxa_acerto": 0.0,
  "trades_win": 0,
  "trades_lose": 0,
  "trades_total": 0
}