{
  "timestamp": "2025-10-22 07:53:56",
  "episodio": 1147,
  "capital_final": 1000.0,
  "patrimonio_final": 2500.213379624378,
  "max_patrimonio": 2486.740101377488,
  "energia_final": 1.0,
  "pontuacao": 0.0,
  "taxa_acerto": 0.0,
  "trades_win": 0,
  "trades_lose": 0,
  "trades_total": 0
}