{
  "timestamp": "2025-10-21 04:25:25",
  "episodio": 202,
  "capital_final": 1000.0,
  "patrimonio_final": 2500.26286820389,
  "max_patrimonio": 2483.361499801261,
  "energia_final": 1.0,
  "pontuacao": 0.0,
  "taxa_acerto": 0.0,
  "trades_win": 0,
  "trades_lose": 0,
  "trades_total": 0
}