{
  "timestamp": "2025-10-21 15:51:03",
  "episodio": 601,
  "capital_final": 1000.0,
  "patrimonio_final": 2506.306519172771,
  "max_patrimonio": 2492.771212956736,
  "energia_final": 1.0,
  "pontuacao": 0.0,
  "taxa_acerto": 0.0,
  "trades_win": 0,
  "trades_lose": 0,
  "trades_total": 0
}