{
  "timestamp": "2025-10-21 15:42:49",
  "episodio": 593,
  "capital_final": 1000.0,
  "patrimonio_final": 2525.28018918966,
  "max_patrimonio": 2499.3306529533284,
  "energia_final": 1.0,
  "pontuacao": 0.0,
  "taxa_acerto": 0.0,
  "trades_win": 0,
  "trades_lose": 0,
  "trades_total": 0
}