{
  "timestamp": "2025-10-21 14:11:04",
  "episodio": 548,
  "capital_final": 1000.0,
  "patrimonio_final": 2502.6368441507784,
  "max_patrimonio": 2495.7464907455574,
  "energia_final": 1.0,
  "pontuacao": 0.0,
  "taxa_acerto": 0.0,
  "trades_win": 0,
  "trades_lose": 0,
  "trades_total": 0
}