{
  "timestamp": "2025-10-21 02:15:18",
  "episodio": 128,
  "capital_final": 1000.0,
  "patrimonio_final": 2501.8756137039954,
  "max_patrimonio": 2499.4449766560842,
  "energia_final": 1.0,
  "pontuacao": 0.0,
  "taxa_acerto": 0.0,
  "trades_win": 0,
  "trades_lose": 0,
  "trades_total": 0
}