{
  "timestamp": "2025-10-21 16:26:54",
  "episodio": 621,
  "capital_final": 1000.0,
  "patrimonio_final": 2507.6963478263356,
  "max_patrimonio": 2495.297759123805,
  "energia_final": 1.0,
  "pontuacao": 0.0,
  "taxa_acerto": 0.0,
  "trades_win": 0,
  "trades_lose": 0,
  "trades_total": 0
}