{
  "timestamp": "2025-10-21 12:04:58",
  "episodio": 480,
  "capital_final": 1000.0,
  "patrimonio_final": 2502.158223032955,
  "max_patrimonio": 2489.7925410222942,
  "energia_final": 1.0,
  "pontuacao": 0.0,
  "taxa_acerto": 0.0,
  "trades_win": 0,
  "trades_lose": 0,
  "trades_total": 0
}