{
  "timestamp": "2025-10-21 00:53:45",
  "episodio": 73,
  "capital_final": 1000.0,
  "patrimonio_final": 2514.246293411045,
  "max_patrimonio": 2489.764803608621,
  "energia_final": 1.0,
  "pontuacao": 0.0,
  "taxa_acerto": 0.0,
  "trades_win": 0,
  "trades_lose": 0,
  "trades_total": 0
}