{
  "timestamp": "2025-10-21 18:51:16",
  "episodio": 704,
  "capital_final": 1000.0,
  "patrimonio_final": 2506.499247218498,
  "max_patrimonio": 2466.868428753233,
  "energia_final": 1.0,
  "pontuacao": 0.0,
  "taxa_acerto": 0.0,
  "trades_win": 0,
  "trades_lose": 0,
  "trades_total": 0
}