{
  "timestamp": "2025-10-21 04:55:46",
  "episodio": 223,
  "capital_final": 1000.0,
  "patrimonio_final": 2527.166565209491,
  "max_patrimonio": 2496.051824727549,
  "energia_final": 1.0,
  "pontuacao": 0.0,
  "taxa_acerto": 0.0,
  "trades_win": 0,
  "trades_lose": 0,
  "trades_total": 0
}