{
  "timestamp": "2025-10-22 04:43:28",
  "episodio": 1047,
  "capital_final": 1000.0,
  "patrimonio_final": 2504.2534107763404,
  "max_patrimonio": 2497.8928297694865,
  "energia_final": 1.0,
  "pontuacao": 0.0,
  "taxa_acerto": 0.0,
  "trades_win": 0,
  "trades_lose": 0,
  "trades_total": 0
}