{
  "timestamp": "2025-10-22 15:40:17",
  "episodio": 18,
  "capital_final": 1000.0,
  "patrimonio_final": 3512.570392677812,
  "max_patrimonio": 3495.3914997460734,
  "energia_final": 1.0,
  "pontuacao": 0.0,
  "taxa_acerto": 0.0,
  "trades_win": 0,
  "trades_lose": 0,
  "trades_total": 0
}