{
  "timestamp": "2025-10-21 07:31:36",
  "episodio": 317,
  "capital_final": 1000.0,
  "patrimonio_final": 2514.1147630142705,
  "max_patrimonio": 2497.6512273854305,
  "energia_final": 1.0,
  "pontuacao": 0.0,
  "taxa_acerto": 0.0,
  "trades_win": 0,
  "trades_lose": 0,
  "trades_total": 0
}