{
  "timestamp": "2025-10-21 02:40:21",
  "episodio": 143,
  "capital_final": 1000.0,
  "patrimonio_final": 2505.4615626812038,
  "max_patrimonio": 2496.8393796211712,
  "energia_final": 1.0,
  "pontuacao": 0.0,
  "taxa_acerto": 0.0,
  "trades_win": 0,
  "trades_lose": 0,
  "trades_total": 0
}