{
  "timestamp": "2025-10-21 08:38:24",
  "episodio": 364,
  "capital_final": 1000.0,
  "patrimonio_final": 2500.208629436532,
  "max_patrimonio": 2480.573947803705,
  "energia_final": 1.0,
  "pontuacao": 0.0,
  "taxa_acerto": 0.0,
  "trades_win": 0,
  "trades_lose": 0,
  "trades_total": 0
}