{
  "timestamp": "2025-10-22 10:05:45",
  "episodio": 1230,
  "capital_final": 1000.0,
  "patrimonio_final": 2505.070829625505,
  "max_patrimonio": 2498.2549363682556,
  "energia_final": 1.0,
  "pontuacao": 0.0,
  "taxa_acerto": 0.0,
  "trades_win": 0,
  "trades_lose": 0,
  "trades_total": 0
}