{
  "timestamp": "2025-10-21 06:37:27",
  "episodio": 286,
  "capital_final": 1000.0,
  "patrimonio_final": 2504.226349939159,
  "max_patrimonio": 2482.9039121274773,
  "energia_final": 1.0,
  "pontuacao": 0.0,
  "taxa_acerto": 0.0,
  "trades_win": 0,
  "trades_lose": 0,
  "trades_total": 0
}