{
  "timestamp": "2025-10-21 12:36:56",
  "episodio": 497,
  "capital_final": 1000.0,
  "patrimonio_final": 2504.2023557168945,
  "max_patrimonio": 2499.1512804069926,
  "energia_final": 1.0,
  "pontuacao": 0.0,
  "taxa_acerto": 0.0,
  "trades_win": 0,
  "trades_lose": 0,
  "trades_total": 0
}