{
  "timestamp": "2025-10-22 05:36:08",
  "episodio": 1071,
  "capital_final": 1000.0,
  "patrimonio_final": 2504.2779306387274,
  "max_patrimonio": 2498.5750536319556,
  "energia_final": 1.0,
  "pontuacao": 0.0,
  "taxa_acerto": 0.0,
  "trades_win": 0,
  "trades_lose": 0,
  "trades_total": 0
}