{
  "timestamp": "2025-10-22 17:12:14",
  "episodio": 51,
  "capital_final": 1000.0,
  "patrimonio_final": 3502.995820081186,
  "max_patrimonio": 3492.9763215629864,
  "energia_final": 1.0,
  "pontuacao": 0.0,
  "taxa_acerto": 0.0,
  "trades_win": 0,
  "trades_lose": 0,
  "trades_total": 0
}