{
  "timestamp": "2025-10-21 04:48:36",
  "episodio": 217,
  "capital_final": 1000.0,
  "patrimonio_final": 2503.456548633975,
  "max_patrimonio": 2496.5933626670594,
  "energia_final": 1.0,
  "pontuacao": 0.0,
  "taxa_acerto": 0.0,
  "trades_win": 0,
  "trades_lose": 0,
  "trades_total": 0
}