{
  "timestamp": "2025-10-21 04:32:16",
  "episodio": 206,
  "capital_final": 1000.0,
  "patrimonio_final": 2505.382698728297,
  "max_patrimonio": 2496.4224628782426,
  "energia_final": 1.0,
  "pontuacao": 0.0,
  "taxa_acerto": 0.0,
  "trades_win": 0,
  "trades_lose": 0,
  "trades_total": 0
}