{
  "timestamp": "2025-10-21 11:44:08",
  "episodio": 470,
  "capital_final": 1000.0,
  "patrimonio_final": 2505.014218905924,
  "max_patrimonio": 2492.9888801647935,
  "energia_final": 1.0,
  "pontuacao": 0.0,
  "taxa_acerto": 0.0,
  "trades_win": 0,
  "trades_lose": 0,
  "trades_total": 0
}