{
  "timestamp": "2025-10-22 09:21:30",
  "episodio": 1200,
  "capital_final": 1000.0,
  "patrimonio_final": 2511.3653501630474,
  "max_patrimonio": 2485.6293685654355,
  "energia_final": 1.0,
  "pontuacao": 0.0,
  "taxa_acerto": 0.0,
  "trades_win": 0,
  "trades_lose": 0,
  "trades_total": 0
}