{
  "timestamp": "2025-10-21 04:38:43",
  "episodio": 212,
  "capital_final": 1000.0,
  "patrimonio_final": 2501.58552694302,
  "max_patrimonio": 2476.5964218657405,
  "energia_final": 1.0,
  "pontuacao": 0.0,
  "taxa_acerto": 0.0,
  "trades_win": 0,
  "trades_lose": 0,
  "trades_total": 0
}