{
  "timestamp": "2025-10-22 00:04:45",
  "episodio": 882,
  "capital_final": 1000.0,
  "patrimonio_final": 2511.003640710814,
  "max_patrimonio": 2489.8922675832064,
  "energia_final": 1.0,
  "pontuacao": 0.0,
  "taxa_acerto": 0.0,
  "trades_win": 0,
  "trades_lose": 0,
  "trades_total": 0
}