{
  "timestamp": "2025-10-22 05:49:13",
  "episodio": 1077,
  "capital_final": 1000.0,
  "patrimonio_final": 2502.3142015195294,
  "max_patrimonio": 2485.063187351462,
  "energia_final": 1.0,
  "pontuacao": 0.0,
  "taxa_acerto": 0.0,
  "trades_win": 0,
  "trades_lose": 0,
  "trades_total": 0
}