{
  "timestamp": "2025-10-22 00:06:59",
  "episodio": 884,
  "capital_final": 1000.0,
  "patrimonio_final": 2508.874835460789,
  "max_patrimonio": 2480.697047829099,
  "energia_final": 1.0,
  "pontuacao": 0.0,
  "taxa_acerto": 0.0,
  "trades_win": 0,
  "trades_lose": 0,
  "trades_total": 0
}