{
  "timestamp": "2025-10-22 07:20:27",
  "episodio": 1131,
  "capital_final": 1000.0,
  "patrimonio_final": 2543.688267821005,
  "max_patrimonio": 2483.8323538939467,
  "energia_final": 1.0,
  "pontuacao": 0.0,
  "taxa_acerto": 0.0,
  "trades_win": 0,
  "trades_lose": 0,
  "trades_total": 0
}