{
  "timestamp": "2025-10-22 00:26:11",
  "episodio": 897,
  "capital_final": 1000.0,
  "patrimonio_final": 2504.0541116394074,
  "max_patrimonio": 2459.663352650247,
  "energia_final": 1.0,
  "pontuacao": 0.0,
  "taxa_acerto": 0.0,
  "trades_win": 0,
  "trades_lose": 0,
  "trades_total": 0
}