{
  "timestamp": "2025-10-21 03:09:05",
  "episodio": 158,
  "capital_final": 1000.0,
  "patrimonio_final": 2510.710566775821,
  "max_patrimonio": 2491.51951001228,
  "energia_final": 1.0,
  "pontuacao": 0.0,
  "taxa_acerto": 0.0,
  "trades_win": 0,
  "trades_lose": 0,
  "trades_total": 0
}