{
  "timestamp": "2025-10-21 04:49:01",
  "episodio": 218,
  "capital_final": 1000.0,
  "patrimonio_final": 2500.7747994991664,
  "max_patrimonio": 2492.1064062191012,
  "energia_final": 1.0,
  "pontuacao": 0.0,
  "taxa_acerto": 0.0,
  "trades_win": 0,
  "trades_lose": 0,
  "trades_total": 0
}