{
  "timestamp": "2025-10-21 05:49:42",
  "episodio": 260,
  "capital_final": 1000.0,
  "patrimonio_final": 2500.9392964269327,
  "max_patrimonio": 2499.4935553648047,
  "energia_final": 1.0,
  "pontuacao": 0.0,
  "taxa_acerto": 0.0,
  "trades_win": 0,
  "trades_lose": 0,
  "trades_total": 0
}