{
  "timestamp": "2025-10-22 06:10:20",
  "episodio": 1089,
  "capital_final": 1000.0,
  "patrimonio_final": 2550.8802757760373,
  "max_patrimonio": 2494.766822409314,
  "energia_final": 1.0,
  "pontuacao": 0.0,
  "taxa_acerto": 0.0,
  "trades_win": 0,
  "trades_lose": 0,
  "trades_total": 0
}