{
  "timestamp": "2025-10-21 20:10:19",
  "episodio": 753,
  "capital_final": 1000.0,
  "patrimonio_final": 2505.659498593171,
  "max_patrimonio": 2496.961227409816,
  "energia_final": 1.0,
  "pontuacao": 0.0,
  "taxa_acerto": 0.0,
  "trades_win": 0,
  "trades_lose": 0,
  "trades_total": 0
}