{
  "timestamp": "2025-10-21 00:13:53",
  "episodio": 53,
  "capital_final": 1000.0,
  "patrimonio_final": 2523.3416581373604,
  "max_patrimonio": 2492.5431653084834,
  "energia_final": 1.0,
  "pontuacao": 0.0,
  "taxa_acerto": 0.0,
  "trades_win": 0,
  "trades_lose": 0,
  "trades_total": 0
}