{
  "timestamp": "2025-10-22 04:00:05",
  "episodio": 1027,
  "capital_final": 1000.0,
  "patrimonio_final": 2508.5197761053873,
  "max_patrimonio": 2481.1717540905383,
  "energia_final": 1.0,
  "pontuacao": 0.0,
  "taxa_acerto": 0.0,
  "trades_win": 0,
  "trades_lose": 0,
  "trades_total": 0
}