{
  "timestamp": "2025-10-21 01:46:02",
  "episodio": 108,
  "capital_final": 1000.0,
  "patrimonio_final": 2522.4560921624875,
  "max_patrimonio": 2490.965659923059,
  "energia_final": 1.0,
  "pontuacao": 0.0,
  "taxa_acerto": 0.0,
  "trades_win": 0,
  "trades_lose": 0,
  "trades_total": 0
}