{
  "timestamp": "2025-10-21 08:08:12",
  "episodio": 348,
  "capital_final": 1000.0,
  "patrimonio_final": 2500.597394608126,
  "max_patrimonio": 2498.61660719945,
  "energia_final": 1.0,
  "pontuacao": 0.0,
  "taxa_acerto": 0.0,
  "trades_win": 0,
  "trades_lose": 0,
  "trades_total": 0
}