{
  "timestamp": "2025-10-22 06:20:03",
  "episodio": 1095,
  "capital_final": 1000.0,
  "patrimonio_final": 2500.4364032062094,
  "max_patrimonio": 2486.505000939337,
  "energia_final": 1.0,
  "pontuacao": 0.0,
  "taxa_acerto": 0.0,
  "trades_win": 0,
  "trades_lose": 0,
  "trades_total": 0
}