{
  "timestamp": "2025-10-22 10:15:16",
  "episodio": 1236,
  "capital_final": 1000.0,
  "patrimonio_final": 2504.017398333785,
  "max_patrimonio": 2498.7281186403807,
  "energia_final": 1.0,
  "pontuacao": 0.0,
  "taxa_acerto": 0.0,
  "trades_win": 0,
  "trades_lose": 0,
  "trades_total": 0
}