{
  "timestamp": "2025-10-21 22:38:22",
  "episodio": 829,
  "capital_final": 1000.0,
  "patrimonio_final": 2501.679475127732,
  "max_patrimonio": 2489.0381261541356,
  "energia_final": 1.0,
  "pontuacao": 0.0,
  "taxa_acerto": 0.0,
  "trades_win": 0,
  "trades_lose": 0,
  "trades_total": 0
}